"caution","[ˈkɔːʃn]#;#n,idiom_n,v","sự thận trọng, sự cẩn thận",""
"anticipate","[ænˈtɪsɪpeɪt]#;#v","thấy trước, biết trước, đoán trước; dè trước, chặn trước, liệu trước, lường trước","Đoán trước, dự kiến"
"convince","[kənˈvɪns]#;#v","làm cho tin, làm cho nghe theo, thuyết phục","Thuyết phục = persuade"
"proposal","[prəˈpəʊzl]#;#n","sự đề nghị, sự đề xuất",""
"stun","[stʌn]#;#n,v","(từ Mỹ,nghĩa Mỹ) sự choáng váng; tình trạng bất tỉnh",""
"lecturer","[ˈlektʃərə(r)] [ˈlektʃərər]#;#n","giảng viên đại học",""
"lecture","[ˈlektʃə(r)] [ˈlektʃər]#;#n,v,v1","( lecture on something ) bài nói chuyện về một đề tài nào đó (thường) là một phần trong ...",""
"unfold","[ʌnˈfəʊld]#;#v,v1","đâm (chồi); nảy (mầm)","mở ra, trải ra
to unfold a newpaper

bày tỏ, để lộ, bộc lộ
to unfold one's intention"
"procedural","[prəˈsiːdʒərəl]#;#adj","theo thủ tục; (thuộc) thủ tục",""
"toward","[təˈwɔːdz] [tɔːrdz]#;#p,adj","theo hướng, về phía, hướng về",""
"regardless of","","không chú ý đến (ai/cái gì); không quan tâm","Bất kể, bất luận"
"precaution","[prɪˈkɔːʃn]#;#n","sự phòng ngừa; sự đề phòng; sự lo trước",""
"enthusiasm","[ɪnˈθjuːziæzəm] [ɪnˈθuːziæzəm]#;#n","sự hăng hái, sự nhiệt tình",""
"enthuse","[ɪnˈθjuːz] [ɪnˈθuːz]#;#v","tán tụng, tán dương",""
"structural","[ˈstrʌktʃərəl]#;#adj","(thuộc) cấu trúc; khung của một cấu trúc",""
"in case","#;#phrase","trong trường hợp",""
"predict","[prɪˈdɪkt]#;#v","báo trước, nói trước, tiên đoán, dự đoán, dự báo",""
"exterior","[ɪkˈstɪəriə(r)] [ɪkˈstɪriər]#;#adj,n","ở bên ngoài; đến từ bên ngoài",""
"hung on","","treo trên",""
"reservation","[ˌrezəˈveɪʃn] [ˌrezərˈveɪʃn]#;#n","(từ Mỹ,nghĩa Mỹ) vùng đất dành riêng cho bộ lạc người Anh điêng ở Mỹ","(từ Mỹ,nghĩa Mỹ) sự dành trước, sự giữ trước, sự đặt chỗ trước (vé tàu..)"
"interior","[ɪnˈtɪəriə(r)] [ɪnˈtɪriər]#;#n,adj","nội địa; đất liền nằm sâu vào trong (một nước...)",""
"scheme","[skiːm]#;#n,idiom_n,v","( scheme for something ) ( scheme to do something ) kế hoạch",""
"badge","[bædʒ]#;#n","vật đeo (thông (thường) là một hoạ tiết trên vải hoặc làm bằng kim loại) để cho biết ng ...",""
"delegate","[ˈdelɪɡət]#;#v,n","uỷ quyền, uỷ thác, giao phó",""
"rehearsal","[rɪˈhɜːsl] [rɪˈhɜːrsl]#;#n","sự diễn tập (vở kịch, bài múa...)",""
"rehear","[ˌriːˈhɪə(r)] [ˌriːˈhɪr]#;#v","nghe trình bày lại (vụ án...)",""
"occasional","[əˈkeɪʒənl]#;#adj","thỉnh thoảng; không thường xuyên, phụ động",""
"occasion","[əˈkeɪʒn]#;#n,idiom_n,v","dịp; thời điểm một sự kiện xảy ra",""
"substantially","[səbˈstænʃəli]#;#adv","về thực chất, về căn bản","1 cách đáng kể"
"substantial","[səbˈstænʃl]#;#adj","đáng kể; lớn lao; quan trọng",""
"vaguely","[ˈveɪɡli]#;#adv","ang áng, hơi, gần đúng, một cách phỏng chừng",""
"intention","[ɪnˈtenʃn]#;#n,idiom_n","ý định, mục đích",""
"remit","[ˈriːmɪt]#;#v,v1,n","gửi, chuyển (hàng hoá, tiền... nhất là bằng đường bưu điện)","remit a payment
gửi, chuyển (hàng hoá, tiền... nhất là bằng đường bưu điện)


miễn thi hành, khỏi phải chịu (thuế, hình phạt...); xoá bỏ (một món nợ..)
the taxes have been remitted
thuế đó đã được xoá bỏ"
"interpreter","[ɪnˈtɜːprətə(r)] [ɪnˈtɜːrprətər]#;#n","người phiên dịch","người phiên dịch"
"go through","","đi qua","Giống nghĩa suffer, undergo nhưng chung chung hơn"
"accent","[ˈæksent]#;#n,v","giọng",""
"southern","[ˈsʌðən] [ˈsʌðərn]#;#adj","(thuộc) phương nam; ở phương nam, của phương nam",""
"rail","[reɪl]#;#n,idiom_n,n1,v","đường sắt như là phương tiện giao thông",""
"herbal","[ˈhɜːbl] [ˈhɜːrbl]#;#adj,n","(thuộc) cỏ, (thuộc) thảo mộc",""
"suffer","[ˈsʌfə(r)] [ˈsʌfər]#;#v,idiom_v,v1","trải qua hoặc chịu (cái gì khó chịu)","= under go"
"journalist","[ˈdʒɜːnəlɪst] [ˈdʒɜːrnəlɪst]#;#n","nhà báo, ký giả",""
"deteriorate","[dɪˈtɪəriəreɪt] [dɪˈtɪriəreɪt]#;#v,v1","làm hư hỏng",""
"energetic","[ˌenəˈdʒetɪk] [ˌenərˈdʒetɪk]#;#adj","mạnh mẽ, mãnh liệt, đầy nghị lực",""
"underway","[ˌʌndəˈweɪ] [ˌʌndərˈweɪ]#;#adj","đang thực hiện",""
"fund","[fʌnd]#;#n,v","món tiền gửi lại hoặc hoặc dành cho một mục đích riêng biệt quỹ",""
"furniture","[ˈfɜːnɪtʃə(r)] [ˈfɜːrnɪtʃər]#;#n,idiom_n","đồ đạc (trong nhà)",""
"construction","[kənˈstrʌkʃn]#;#n","sự xây dựng",""
"construct","[kənˈstrʌkt]#;#v","làm xây dựng (nhà cửa...)",""
"valet","[ˈvæleɪ]#;#n,v,v1","đầy tớ, người hầu (một người đàn ông làm công việc phục vụ, giặt quần áo, dọn bữa ăn..)",""
"instruct","[ɪnˈstrʌkt]#;#v","chỉ dẫn, chỉ thị cho",""
"instructor","[ɪnˈstrʌktə(r)] [ɪnˈstrʌktər]#;#n","huấn luyện viên; người dạy",""
"responsibility","[rɪˌspɒnsəˈbɪləti] [rɪˌspɑːnsəˈbɪləti]#;#n","( responsibility for somebody  / something ) trách nhiệm; sự chịu trách nhiệm",""
"judge","[dʒʌdʒ]#;#n,v,v1","quan toà, thẩm phán",""
"present","[ˈpreznt]#;#adj,idiom_adj,n,v","có mặt, hiện diện; có (có mặt tại một nơi, trong một chất..)","at present
hiện tại, bây giờ, lúc này


đưa ra, bày ra, lộ ra, giơ ra, phô ra
bày tỏ, trình bày, biểu thị, ngỏ lời"
"diagnosis","[ˌdaɪəɡˈnəʊsɪs]#;#n","(y học) phép chẩn đoán; sự chẩn đoán; lời chẩn đoán",""
"undergo","[ˌʌndəˈɡəʊ] [ˌʌndərˈɡəʊ]#;#v","chịu đựng, trải qua (khó khăn, đau đớn)",""
"rectify","[ˈrektɪfaɪ]#;#v","sửa, sửa cho thẳng","Sửa, khắc phục"
"complacent","[kəmˈpleɪsnt]#;#adj","tự mãn; thoả mãn với chính mình hoặc với công việc của mình",""
"aggress",".#;#v","(từ hiếm,nghĩa hiếm) gây sự, gây hấn",""
"aggressive","[əˈɡresɪv]#;#adj","hung hăng; hay gây hấn; hùng hổ",""
"combative","[ˈkɒmbətɪv] [kəmˈbætɪv]#;#adj","hiếu chiến, thích đánh nhau; thích gây gỗ",""
"ambitious","[æmˈbɪʃəs]#;#adj","( ambitious for something ) ( ambitious to be  / do something ) có nhiều tham vọng (về  ...",""
"breakage","[ˈbreɪkɪdʒ]#;#n","(ngành dệt) sự đứt sợi",""
"eventual","[ɪˈventʃuəl]#;#adj","kết quả cuối cùng là; sau rốt",""
"occur to","#;#phrv","cụm động từ ★ enter one's mind 
nhập vào tâm trí của một người","Dẫn đến"
"result in",".#;#v","gây ra",""
"durability","[ˌdjʊərəˈbɪləti] [ˌdʊrəˈbɪləti]#;#n","tính bền, tính lâu bền",""
"restrict","[rɪˈstrɪkt]#;#v","hạn chế, giới hạn",""
"seek","[siːk]#;#v,idiom_v","đi tìm, tìm kiếm",""
"advertisement","[ədˈvɜːtɪsmənt] [ˌædvərˈtaɪzmənt]#;#n,idiom_n","sự thông báo; sự quảng cáo",""
"go on","","đi tiếp, tiếp tục, làm tiếpgo on!: cứ làm tiếp đi!to go on with ones work: tiếp tục làm công việc c",""
"bring down","","lật đổ, hạ bệ",""
"figure out",".#;#v","đoán ra, giải ra",""
"give up",".#;#v","bỏ, từ bỏ, thôi; tạm dừng; đầu hàng",""
"industry","[ˈɪndəstri]#;#n,idiom_n","công nghiệp, kỹ nghệ",""
"venue","[ˈvenjuː]#;#n","(pháp lý) nơi xử án (quận, khu vực)","Địa điểm"
"reserved","[rɪˈzɜːvd] [rɪˈzɜːrvd]#;#adj","dành riêng; đã dành trước",""
"cooperate","[kəuˈopəreit]#;#v","cộng tác",""
"on air",".#;#adj","đang lên sóng, dang phát sóng",""
"beneficial","[ˌbenɪˈfɪʃl]#;#adj","có lợi; có ích; tốt",""
"official","[əˈfɪʃl]#;#adj,n","chính thức","viên chức, công chức N
chính thức ADJ
"
"as well as","#;#phrase","cũng như",""
"roughly","[ˈrʌfli]#;#adv","đại thể, đại khái, phỏng chừng, xấp xỉ; phác, nháp","đại thể, đại khái, phỏng chừng, xấp xỉ; phác, nháp"
"voter","[ˈvəʊtə(r)] [ˈvəʊtər]#;#n","cử tri, người bỏ phiếu, người có quyền bầu cử (nhất là trong một cuộc tuyển cử (chính t ...",""
"contest","[ˈkɒntest] [ˈkɑːntest]#;#n,v","(thể dục,thể thao) cuộc thi; trận đấu, trận giao tranh",""
"participate","[pɑːˈtɪsɪpeɪt] [pɑːrˈtɪsɪpeɪt]#;#v","( to participate in something ) tham gia hoặc bị lôi cuốn vào (một hoạt động)",""
"charity","[ˈtʃærəti]#;#n,idiom_n","lòng nhân đức; lòng từ thiện",""
"literacy","[ˈlɪtərəsi]#;#n","sự biết viết, sự biết đọc",""
"keynote","[ˈkiːnəʊt]#;#n","(âm nhạc) âm chủ đạo","( định ngữ) chủ đạo, then chốt, chủ chốt, chính"
"cautious","[ˈkɔːʃəs]#;#adj","( cautious about  / of somebody  / something ) thận trọng, cẩn thận",""
"advisor","[ədˈvaɪzə(r)] [ədˈvaɪzər]#;#n","người khuyên bảo, người chỉ bảo, cố vấn",""
"commence","[kəˈmens]#;#v","bắt đầu, mở đầu, khởi đầu",""
"statement","[ˈsteɪtmənt]#;#n","lời tuyên bố; sự tuyên bố; bản tuyên bố",""
"shortly","[ˈʃɔːtli] [ˈʃɔːrtli]#;#adv","trong thời gian ngắn; không lâu; sớm",""
"barely","[ˈbeəli] [ˈberli]#;#adv","chỉ vừa đủ; vừa vặn","Hầu như không
"
"furnishing","[ˈfɜːnɪʃɪŋ] [ˈfɜːrnɪʃɪŋ]#;#n","sự cung cấp, sự trang bị đồ đạc",""
"hold on","#;#phrv","cụm động từ ★ wait 
Chờ đợi",""
"donor","[ˈdəʊnə(r)] [ˈdəʊnər]#;#n","người cho, người tặng, người biếu; người quyên cúng",""
"reception","[rɪˈsepʃn]#;#n","sự nhận, sự thu nhận, sự lĩnh","sự nhận, sự thu nhận, sự lĩnh
sự đón tiếp"
"accounting","[əˈkaʊntɪŋ]#;#n","sự thanh toán, sự tính toán (tiền nong, sổ sách)",""
"former","[ˈfɔːmə(r)] [ˈfɔːrmər]#;#adj,pro,n","trước, cũ, xưa, nguyên",""
"several","[ˈsevrəl]#;#pro,adj","vài",""
"investigation","[ɪnˌvestɪˈɡeɪʃn]#;#n","sự điều tra hoặc bị điều tra",""
"announce","[əˈnaʊns]#;#v","làm cho mọi người biết điều gì; báo; loan báo",""
"attract","[əˈtrækt]#;#v","thu hút, hấp dẫn, lôi cuốn",""
"disease","[dɪˈziːz]#;#n","(trường hợp) bệnh của cơ thể, tinh thần hoặc cây cối (do lây nhiễm hoặc rối loạn bên tr ...",""
"chain","[tʃeɪn]#;#n,v","dãy, chuỗi, loạt",""
"grocery","[ˈɡrəʊsəri]#;#n","cửa hàng tạp phẩm, cửa hàng tạp hoá",""
"goods","[ɡʊdz]#;#n,idiom_n","hàng hoá; tài sản đem bán",""
"properly","[ˈprɒpəli] [ˈprɑːpərli]#;#adv","một cách đúng đắn; một cách thích đáng; hợp thức",""
"dispose","[dɪˈspəʊz]#;#v","( to dispose of somebody  / something ) vứt bỏ, tống khứ; đánh bại","sắp đặt, sắp xếp, bố trí
( to dispose of somebody  / something ) vứt bỏ, tống khứ; đánh bại"
"appliance","[əˈplaɪəns]#;#n","thiết bị; dụng cụ",""
"gallery","[ˈɡæləri]#;#n,idiom_n,v","gian phòng hoặc toà nhà trưng bày các tác phẩm nghệ thuật",""
"passenger","[ˈpæsɪndʒə(r)] [ˈpæsɪndʒər]#;#n","hành khách (đi tàu xe...)",""
"propose","[prəˈpəʊz]#;#v,idiom_v","đề nghị, đề xuất, đưa ra",""
"roadway","[ˈrəʊdweɪ]#;#n","lòng đường; phần đường dành cho xe cộ sử dụng (khác với vỉa hè hoặc phần đường đi bộ)",""
"accommodate","[əˈkɒmədeɪt] [əˈkɑːmədeɪt]#;#v","cung cấp phòng hoặc nơi ở cho ai","Đáp ứng cho 
Điều chỉnh N để (phù hợp)
"
"widen","[ˈwaɪdn]#;#v,v1","làm cho rộng ra, nới rộng ra, mở rộng",""
"wide","[waɪd]#;#adj,adv,n,idiom_n","rộng, rộng lớn",""
"plumber","[ˈplʌmə(r)] [ˈplʌmər]#;#n","thợ hàn chì, thợ ống nước",""
"severe","[sɪˈvɪə(r)] [sɪˈvɪr]#;#adj","khắt khe, gay gắt (trong thái độ, cách cư xử)","rất xấu, rất mãnh liệt, rất gay go, khốc liệt, dữ dội"
"affix","[əˈfɪks]#;#n,v","(ngôn ngữ học) phụ tố",""
"solar","[ˈsəʊlə(r)] [ˈsəʊlər]#;#adj","(thuộc) mặt trời, có liên quan đến mặt trời, quan hệ đến mặt trời; tính theo mặt trời ( ...",""
"sustainable","[səˈsteɪnəbl]#;#adj","có thể chống đỡ được","Bền vững
"
"sustain","[səˈsteɪn]#;#v","chịu đựng, bị, chịu (đánh bại, bị thương, mất mát)",""
"attempt","[əˈtempt]#;#n,v","( attempt on something ) nỗ lực nhằm hoàn thiện hơn hoặc chấm dứt cái gì; sự tấn công","( attempt to do something  / at doing something ) sự cố gắng, sự thử"
"steadily","[ˈstedəli]#;#adv","đều đặn, đều đều",""
"decline","[dɪˈklaɪn]#;#v,n,v1","từ chối, khước từ, không nhận, không chịu",""
"as long as","","miễn là",""
"essential","[ɪˈsenʃl]#;#adj,n","cần thiết, thiết yếu, cốt yếu, chủ yếu",""
"optimal","[ˈɒptɪməl] [ˈɑːptɪməl]#;#adj","tốt nhất, tối ưu",""
"audience","[ˈɔːdiəns]#;#n","nhóm người tụ hội lại với nhau để nghe hoặc xem ai/cái gì; khán giả; thính giả; cử toạ",""
"outsell","[ˌaʊtˈsel]#;#v","bán chạy hơn; bán được nhiều hơn",""
"competitor","[kəmˈpetɪtə(r)] [kəmˈpetɪtər]#;#n","người cạnh tranh; đấu thủ, đối thủ",""
"competition","[ˌkɒmpəˈtɪʃn] [ˌkɑːmpəˈtɪʃn]#;#n","( competition between  / with somebody for something ) sự đua tranh giữa nhiều người; s ...",""
"lower","[ˈləʊ.ər] [ˈloʊ.ɚ]#;#adj,v,idiom_v,v1","thấp hơn, ở dưới, bậc thấp","Có thể là động từ hoặc tính từ so sánh hơn
"
"strategy","[ˈstrætədʒi]#;#n","chiến lược; (nghệ thuật) vạch kế hoạch và chỉ huy một cuộc hành quân trong chiến tranh  ...",""
"commute","[kəˈmjuːt]#;#v","đi lại thường xuyên bằng xe búyt, xe lửa hoặc ô tô giữa nơi làm việc và nhà ở","đi lại thường xuyên bằng xe búyt, xe lửa hoặc ô tô giữa nơi làm việc và nhà ở"
"extremely","[ɪkˈstriːmli]#;#adv","vô cùng, cực độ, cực kỳ",""
"extreme","[ɪkˈstriːm]#;#adj,n,idiom_n","cực đoan; (về người và ý kiến của họ) quá khích",""
"partial","[ˈpɑːʃl] [ˈpɑːrʃl]#;#adj","về từng phần hoặc tạo thành bộ phận; không hoàn chỉnh; một phần","1 phần
"
"expressive","[ɪkˈspresɪv]#;#adj","diễn cảm",""
"now that","","Bởi vì",""
"addition","[əˈdɪʃn]#;#n,idiom_n","( addition to something ) người hoặc vật thêm vào",""
"additional","[əˈdɪʃənl]#;#adj","cộng thêm; thêm vào",""
"peak","[piːk]#;#v,n,v1,idiom_v1","(từ Mỹ,nghĩa Mỹ) làm cho đạt tới đỉnh cao nhất","tột đỉnh, cao điểm; tối đa, nhộn nhịp, mãnh liệt nhất"
"merchandise","[ˈmɜːtʃəndaɪs] [ˈmɜːrtʃəndaɪs]#;#n,v","hàng hoá mua và bán; hàng hoá",""
"openly","[ˈəʊpənli]#;#adv","công khai",""
"rarely","[ˈreəli] [ˈrerli]#;#adv","hiếm khi; ít khi",""
"related","[rɪˈleɪtɪd]#;#adj","có liên quan, có quan hệ với ai/ cái gì",""
"relevant","[ˈreləvənt]#;#adj","thích đáng; có liên quan","= related
"
"relative","[ˈrelətɪv]#;#adj,n","( relative to something ) cân xứng với, cân đối với, tương đối",""
"accompany","[əˈkʌmpəni]#;#v","đi cùng với ai như là một người bạn đường hoặc người giúp đỡ, người hộ tống","đi cùng với ai như là một người bạn đường hoặc người giúp đỡ, người hộ tống

Accompany by"
"figure","[ˈfɪɡə(r)] [ˈfɪɡjər]#;#n,idiom_n,v,idiom_v","con số","Số liệu
"
"treatment","[ˈtriːtmənt]#;#n","(y học) sự điều trị; phép trị bệnh",""
"clinic","[ˈklɪnɪk]#;#n","phòng khám chữa bệnh (nhất là dành cho bệnh nhân ngoại trú)",""
"advertise","[ˈædvətaɪz] [ˈædvərtaɪz]#;#v","quảng cáo; công khai ca ngợi cái gì để mọi người mua và sử dụng nó",""
"contractor","[kənˈtræktə(r)] [ˈkɑːntræktər]#;#n","thầu khoán, người đấu thầu, người thầu (cung cấp lương thực cho quân đội, bệnh viện, tr ...",""
"improve","[ɪmˈpruːv]#;#v,idiom_v,v1","cải tiến, cải thiện, cải tạo, trau dồi (tư tưởng), mở mang (kiến thức...)",""
"put off","#;#phrv","cụm động từ ★ postpone 
hoãn",""
"morale","[məˈrɑːl] [məˈræl]#;#n","(quân sự) tinh thần; chí khí; nhuệ khí",""
"coach","[kəʊtʃ]#;#v,other,v,other,n,other","huấn luyện",""
"expense","[ɪkˈspens]#;#n,idiom_n","sự tiêu; phí tổn",""
"recipe","[ˈresəpi]#;#n","công thức làm món ăn","( recipe for something ) phương pháp thực hiện cái gì; cách làm"
"fate","[feɪt]#;#n,idiom_n","thiên mệnh, định mệnh, số mệnh, số phận",""
"comprehensive","[ˌkɒmprɪˈhensɪv] [ˌkɑːmprɪˈhensɪv]#;#adj,idiom_adj","bao hàm toàn diện",""
"portal","[ˈpɔːtl] [ˈpɔːrtl]#;#n","cửa, cổng (nhất là cổng chính, cổng đồ sộ, đường bệ của đền đài, lăng tẩm..)",""
"through","[θruː]#;#p,adv,idiom_adv","qua, xuyên qua, suốt",""
"applicant","[ˈæplɪkənt]#;#n","người nộp đơn xin (đặc biệt là việc làm)",""
"reputation","[ˌrepjuˈteɪʃn]#;#n","danh tiếng; sự nổi danh",""
"due to","","bởi, vì, do, tại, nhờ có",""
"conference","[ˈkɒnfərəns] [ˈkɑːnfərəns]#;#n","hội nghị; cuộc thảo luận hoặc trao đổi quan điểm",""
"launch","[lɔːntʃ]#;#v,n,v1,idiom_v1","ném, phóng, quăng, liệng (tên lửa; lời đe doạ...); mở (cuộc tấn công); phát động (phong ...",""
"responsible","[rɪˈspɒnsəbl] [rɪˈspɑːnsəbl]#;#adj,idiom_adj","( responsible for somebody  / something ) có nghĩa vụ về mặt pháp lý hoặc đạo đức; chịu ...",""
"ensure","[ɪnˈʃʊə(r)] [ɪnˈʃʊr]#;#v","bảo đảm",""
"policy","[ˈpɒləsi] [ˈpɑːləsi]#;#n","chính sách (của chính phủ, đảng...)",""
"take effect","#;#phrase","có hiệu lực",""
"concrete","[ˈkɒŋkriːt] [ˈkɑːnkriːt]#;#n,adj,v","bê-tông",""
"boutique","[buːˈtiːk]#;#n","cửa hàng nhỏ bán quần áo và các mặt hàng mới ra",""
"purchase","[ˈpɜːtʃəs] [ˈpɜːrtʃəs]#;#v,n","mua, sắm, tậu",""
"involve","[ɪnˈvɒlv] [ɪnˈvɑːlv]#;#v","đòi hỏi phải, cần phải, kéo theo",""
"engage","[ɪnˈɡeɪdʒ]#;#v","( to engage somebody in something ) (làm cho một người) tham gia vào một việc gì","Tham gia (engage in)"
"determine","[dɪˈtɜːmɪn] [dɪˈtɜːrmɪn]#;#v,v1","định, xác định, định rõ",""
"cancel","['kænsəl] [ˈkænsl]#;#v,n","bỏ, xoá bỏ, huỷ bỏ, bãi bỏ (lệnh, khế ước, hợp đồng...)",""
"assurance","[əˈʃʊərəns] [əˈʃʊrəns]#;#n,idiom_n","sự chắc chắn; sự tin chắc; điều chắc chắn, điều tin chắc",""
"agreement","[əˈɡriːmənt]#;#n,idiom_n","sự thoả thuận, hứa hẹn hoặc giao kèo với ai; hợp đồng",""
"abide by",".#;#v","tôn trọng, tuân theo, giữ (lời)",""
"conform","[kənˈfɔːm] [kənˈfɔːrm]#;#v,v1","( + to ) làm cho hợp với, làm cho phù hợp với, làm cho thích hợp với",""
"comply","[kəmˈplaɪ]#;#v","tuân theo, chiếu theo, đồng ý làm theo",""
"abide","[əˈbaɪd]#;#v,v1","vẫn còn, tiếp tục, ở lại, kéo dài",""
"emerge","[ɪˈmɜːdʒ] [ɪˈmɜːrdʒ]#;#v","nổi lên, hiện ra, lòi ra",""
"compliance","[kəmˈplaɪəns]#;#n","sự bằng lòng, sự ưng thuận, sự chìu theo, sự làm đúng theo (một yêu cầu, một lệnh...)",""
"portability","[ˌpɔːtəˈbɪləti] [ˌpɔːrtəˈbɪləti]#;#n","tính di chuyển được, tính dễ xách theo",""
"associated","[əˈsəʊsieɪtɪd]#;#adj","có liên quan",""
"concise","[kənˈsaɪs]#;#adj","ngắn gọn, súc tích (văn)",""
"resilient","[rɪˈzɪliənt]#;#adj","kiên cường; mau phục hồi (về thể chất hoặc tinh thần)",""
"robust","[rəʊˈbʌst]#;#adj","tráng kiện, cường tráng; có sức khoẻ",""
"brief","[briːf]#;#adj,n,idiom_n,v","ngắn, vắn tắt, gọn","bản tóm tắt, bản toát yếu"
"obtain","[əbˈteɪn]#;#v,v1","đạt được, giành được, thu được",""
"innovate","[ˈɪnəveɪt]#;#v","đổi mới, cách tân",""
"expedient","[ɪkˈspiːdiənt]#;#adj,n","thích hợp; có lợi, thiết thực",""
"promotion","[prəˈməʊʃn]#;#n","sự thăng tiến; sự thăng chức; trường hợp thăng chức",""
"postpone","[pəˈspəʊn][pəʊˈspəʊn]#.__gb_1_0;.__us_1_0#v","hoãn lại, trì hoãn",""
"reliable","[rɪˈlaɪəbl]#.__gb_2_0;.__us_3_0#adj","chắc chắn, đáng tin cậy; xác thực (tin tức...)",""
"reliability","[rɪˌlaɪəˈbɪləti]#.__gb_1_0;.__us_1_0#n","sự đáng tin cậy; tính đáng tin cậy",""
"feedback","[ˈfiːdbæk]#.__gb_2_0;.__us_2_0#n","thông tin phản hồi; ý kiến phản hồi",""
"assign","[əˈsaɪn]#.__gb_2_0;.__us_1_0#v","cho ai cái gì như là một phần của công việc phải làm hoặc của những vật được sử dụng; p ...",""
"innovative","[ˈɪnəveɪtɪv]#.__gb_2_0;.__us_1_0#other","@innovatory",""
"innovatory","[ˈɪnəvətri][ˈɪnəvətɔri]#.;.#adj","có tính chất đổi mới; có tính chất sáng kiến",""
"term","[tɜːm][tɜːrm]#.__gb_3_0;.__us_1_0#n,v","(ngôn ngữ học) từ, thuật ngữ",""
"enhancement","[ɪnˈhɑːnsmənt][ɪnˈhænsmənt]#.__gb_1_0;.__us_1_0#n","sự làm tăng, sự nâng cao, sự đề cao, sự làm nổi bật",""
"observant","[əbˈzɜːvənt]","hay quan sát, tinh mắt, tinh ý",""
"straightforward","[ˌstreɪtˈfɔːwəd]","trung thực, thẳng thắn, cởi mở, minh bạch; không thoái thác (về người, cung cách của ng ...",""
"parasite","[ˈpærəsaɪt]","kẻ ăn bám",""
"paradise","[ˈpærədaɪs]","( Paradise ) thiên đường, nơi cực lạc (trong (kinh thánh))",""
"collaborate","[kəˈlæbəreɪt]","cộng tác",""
"co operation","","sự hợp tác, sự cộng tác, sự chung sức",""
"inspiration","[ˌɪnspəˈreɪʃn]","nguồn cảm hứng; ( inspiration to do something ) sự kích thích trí tuệ, cảm xúc... để là ...",""
"frustrated","[frʌˈstreɪtɪd]","nản lòng, nản chí",""
"frustrate","[frʌˈstreɪt]","làm thất bại, làm hỏng",""
"embark","[ɪmˈbɑːk]","cho lên tàu (lính, hàng...)",""
"persuade","[pəˈsweɪd]","thuyết phục",""
"demonstrability","[dɪˌmɒn.strəˈbɪl.ə.ti]","tính có thể chứng minh được, tính có thể giải thích được",""
"demonstrate","[ˈdemənstreɪt]","( to demonstrate something to somebody ) chứng minh, giải thích",""
"elegant","[ˈelɪɡənt]","thanh lịch, tao nhã",""
"fabulous","[ˈfæbjələs]","thần thoại, (thuộc) truyện cổ tích; bịa đặt, hoang đường",""
"certain","['sə:tn]","chắc, chắc chắn",""
"concern","[kənˈsɜːn]","mối quan tâm",""
"paramount","[ˈpærəmaʊnt]","tối cao (có tầm quan trọng, ý nghĩa lớn nhất)",""
"abuse","[əˈbjuːs]","sự sử dụng hoặc đối xử sai/tồi tệ; sự lạm dụng",""
"concept","[ˈkɒnsept]","khái niệm; tư tưởng làm cơ sở cho cái gì; ý niệm chung",""
"distribute","[dɪˈstrɪbjuːt]","phân bổ, phân phối, phân phát",""
"along","[əˈlɒŋ]","từ một đầu đến (hay hướng tới) đầu kia của (cái gì); dọc theo",""
"may","[meɪ]","(chỉ khả năng) có thể",""
"come across","","(tình cờ) gặp",""
"prepare","[prɪˈpeə(r)]","( to prepare somebody  / something for somebody  / something ) chuẩn bị",""
"spoon","[spuːn]","cái thìa",""
"formal","[ˈfɔːml]","chính thức","Chính thức"
"colleague","[ˈkɒliːɡ]","bạn đồng nghiệp, bạn đồng sự",""
"insight","[ˈɪnsaɪt]","sự nhìn thấu được bên trong sự vật, sự hiểu thấu được bên trong sự vật; sự hiểu biết sâ ...",""
"enhance","[ɪnˈhɑːns]","làm tăng, nâng cao, đề cao, làm nổi bật (đức tính, quyền hạn...)",""
"engaging","[ɪnˈɡeɪdʒɪŋ]","lôi kéo, hấp dẫn; duyên dáng (nụ cười, giọng nói, cái nhìn...)",""
"entire","[ɪnˈtaɪə(r)]","toàn bộ, toàn thể, toàn vẹn, hoàn toàn",""
"incredibly","[ɪnˈkredəbli]","khó tin nổi, đáng kinh ngạc, đến nỗi không ngờ",""
"crucial","[ˈkruːʃl]","quyết định; cốt yếu, chủ yếu",""
"versatile","[ˈvɜːsətaɪl]","nhiều tác dụng; đa năng (dụng cụ, máy..)",""
"attribute","[əˈtrɪbjuːt]","thuộc tính",""
"deprecate","[ˈdeprəkeɪt]","phản đối, phản kháng, không tán thành","Không dùng nữa
"
"piece","[piːs]","(thương nghiệp) đơn vị, cái, chiếc, tấm (vải); thùng (rượu...)","Từ này linh hoạt đôi khi là đơn vị đôi khi là sự vật

mảnh, mẩu, miếng, viên, cục, khúc...
bức (tranh); bài (thơ); bản (nhạc); vở (kịch)-> tác phẩm
"
"convey","[kənˈveɪ]","truyền (âm thanh, hương vị, lệnh, tin); truyền đạt, chuyển",""
"dense","[dens]","dày đặc; (nói về người và vật) không dễ nhìn qua được",""
"flirt","[flɜːt]","tán tỉnh, ve vãn; vờ tán tỉnh, vờ ve vãn",""
"composition","[ˌkɒmpəˈzɪʃn]","thành phần cấu tạo; kết cấu",""
"integrity","[ɪnˈteɡrəti]","tính toàn bộ, tính toàn vẹn, tính nguyên; tình trạng không bị sứt mẻ, tình trạng toàn v ...",""
"inventory","[ˈɪnvəntri]","sự kiểm kê; bản kiểm kê; (từ Mỹ,nghĩa Mỹ) hàng hoá tồn kho (của một nhà buôn)",""
"invent","[ɪnˈvent]","phát minh, sáng chế",""
"guideline","[ˈɡaɪdlaɪn]","nguyên tắc chỉ đạo, đường lối chỉ đạo (để vạch ra chính sách...)",""
"ability","[əˈbɪləti]","khả năng hoặc năng lực làm cái gì về thể chất hoặc tinh thần",""
"guide","[ɡaɪd]","người chỉ dẫn; người chỉ đường, người hướng dẫn (cho khách du lịch)",""
"typical","[ˈtɪpɪkl]","tiêu biểu, điển hình (như) typic",""
"fundament","[ˈfʌn.də.mənt]","(từ Mỹ,nghĩa Mỹ) nền tảng, cơ sở",""
"burnout","","(null)",""
"assertion","[əˈsɜːʃn]","sự xác nhận, sự khẳng định, sự quả quyết, sự quyết đoán",""
"coefficient","[ˌkəʊɪˈfɪʃnt]","(toán học),  (vật lý) hệ số",""
"crawl","[krɔːl]","bò, trườn","Thu thập thông tin
"
"benchmark","[ˈbentʃmɑːk]","dấu làm chuẩn",""
"vulnerable","[ˈvʌlnərəbl]","có thể bị tổn thương, có thể bị làm hại, có thể bị xúc phạm",""
"resistance","[rɪˈzɪstəns]","( resistance to somebody  / something ) sự chống cự; sự kháng cự",""
"cipher","[ˈsaɪfə(r)]","mật mã",""
"refer","[rɪˈfɜː(r)]","quy, quy cho, quy vào",""
"express","[ɪkˈspres]","biểu lộ, bày tỏ (tình cảm...); phát biểu ý kiên",""
"indentation","[ˌɪndenˈteɪʃn]","sự làm lõm vào, sự khía răng cưa; sự làm mẻ",""
"occurrence","[əˈkʌrəns]","sự kiện, sự cố, chuyện xảy ra",""
"preserve","[prɪˈzɜːv]","bảo quản, giữ gìn (cái gì cho hoàn hảo); lưu giữ, bảo tồn, duy trì lâu dài; bảo toàn (c ...",""
"extensive","[ɪkˈstensɪv]","rộng về diện tích; kéo dài ra xa",""
"imperative","[ɪmˈperətɪv]","cấp bách, khẩn thiết",""
"overuse","[ˌəʊvəˈjuːs]","dùng quá nhiều, lạm dụng; dùng quá lâu",""
"centralize","[ˈsentrəlaɪz]","tập trung; (làm cho cái gì) chịu sự kiểm soát của một quyền lực trung ương",""
"recap","[ˈriːkæp]",",  (như) recapitulate",""
"prototype","[ˈprəʊtətaɪp]","người đầu tiên; vật đầu tiên; mẫu đầu tiên, nguyên mẫu",""
"reuse","[ˌriːˈjuːz]","dùng lại",""
"initial","[ɪˈnɪʃl]","ban đầu, lúc đầu",""
"various","[ˈveəriəs]","khác nhau, không giống nhau, thuộc về nhiều loại",""
"represent","[ˌreprɪˈzent]","đại diện cho, là hình tượng của, tượng trưng cho; biểu trưng",""
"panic","[ˈpænɪk]","(làm cho một người hoặc một con vật) hoảng sợ; (làm cho một người hoặc một con vật) hoa ...",""
"worth","[wɜːθ]","giá trị, tính hữu ích",""
"prove","[pruːv]","chứng minh; ( to prove something to somebody ) chứng tỏ",""
"empathy","[ˈempəθi]","(tâm lý học) sự thấu cảm",""
"article","[ˈɑːtɪkl]","bài báo",""
"trait","[treɪt]","nét tiêu biểu; đặc điểm",""
"impact","[ˈɪmpækt]","tác động, ảnh hưởng","Impact on smt
"
"specification","[ˌspesɪfɪˈkeɪʃn]","sự chỉ rõ, sự ghi rõ, sự định rõ",""
"specific","[spəˈsɪfɪk]","cụ thể; rành mạch, rõ ràng",""
"explore","[ɪkˈsplɔː(r)]","thăm dò, thám hiểm",""
"ignore","[ɪɡˈnɔː(r)]","không để ý đến ai/cái gì; lờ đi",""
"immediately","[ɪˈmiːdiətli]","ngay lập tức, tức thì",""
"immediate","[ɪˈmiːdiət]","trực tiếp","lập tức, tức thì, ngay, trước mắt"
"subcribe","","quyên vào, góp vàoto subcribe a sum to a charity: góp một số tiền vào việc thiện",""
"distinguish","[dɪˈstɪŋɡwɪʃ]","( to distinguish between A and B  / A from B ) phân biệt",""
"distinct","[dɪˈstɪŋkt]","dễ nhận, dễ thấy, rõ ràng",""
"thumb","[θʌm]","ngón tay cái",""
"appearance","[əˈpɪərəns]","sự xuất hiện; sự hiện ra; sự ló ra",""
"alternate","[ɔːlˈtɜːnət]","(từ Mỹ,nghĩa Mỹ) người thay phiên, người thay thế, người dự khuyết",""
"arrange","[əˈreɪndʒ]","sắp xếp, sắp đặt, sửa soạn",""
"strawberry","[ˈstrɔːbəri]","quả dâu tây",""
"eavesdrop","[ˈiːvzdrɒp]","nghe lén một cuộc nói chuyện kín; nghe trộm",""
"expert","[ˈekspɜːt]","chuyên gia; nhà chuyên môn; chuyên viên",""
"perhaps","[pəˈhæps]","có thể, có lẽ",""
"entryway","[ˈentriweɪ]","lối đi vào",""
"in addition (to smt)","","ngoài ra, thêm vào",""
"hang","[hæŋ]","treo, mắc",""
"reap","[riːp]","thu về, thu hoạch, hưởng",""
"weapon","[ˈwepən]","vũ khí (vật làm ra hoặc dùng để gây tác hại về thân thể; súng, dao, gươm..)",""
"cause","[kɔːz]","gây ra; ( to cause something for somebody ) là nguyên nhân của cái gì",""
"cable","[ˈkeɪbl]","dây cáp",""
"accord","[əˈkɔːd]","sự phù hợp, sự hoà hợp",""
"deter","[dɪˈtɜː(r)]","ngăn cản, ngăn chặn, cản trở; làm nản lòng, làm nhụt chí, làm thoái chí",""
"charge","[tʃɑːdʒ]","sự gánh vác (một khoản phí tổn, mọi sự chi phí)",""
"confusion","[kənˈfjuːʒn]","sự bối rối, sự ngượng ngập, sự xấu hổ",""
"confuse","[kənˈfjuːz]","làm lộn xộn, làm rối ren, làm đảo lộn, xáo trộn",""
"prefix","[ˈpriːfɪks]","(ngôn ngữ học) tiền tố, tiếp đầu ngữ",""
"correspond","[ˌkɒrəˈspɒnd]","tương ứng; ( to correspond with something ) phù hợp; không trái ngược với cái gì hoặc v ...",""
"associate","[əˈsəʊsieɪt]","vật phụ thuộc vào vật khác; vật liên kết với vật khác",""
"mechanism","[ˈmekənɪzəm]","máy móc, cơ cấu, cơ chế (nghĩa đen) & (nghĩa bóng)",""
"sanitize","[ˈsænɪtaɪz]","làm cho (một nơi) có vệ sinh; cải thiện điều kiện vệ sinh; làm vệ sinh",""
"vulnerability","[ˌvʌlnərəˈbɪləti]","tính chất có thể bị tổn thương, tính chất có thể bị làm hại, tính chất có thể bị xúc ph ...",""
"fundamental","[ˌfʌndəˈmentl]","cơ bản, cơ sở, chủ yếu",""
"consequence","[ˈkɒnsɪkwəns]","hậu quả, kết quả",""
"traffic","[ˈtræfɪk]","sự đi lại, sự giao thông (của xe cộ)",""
"specify","[ˈspesɪfaɪ]","chỉ rõ, ghi rõ, định rõ",""
"introduce","[ˌɪntrəˈdjuːs]","giới thiệu",""
"ensue","[ɪnˈsjuː]","xảy ra sau đó",""
"aspect","[ˈæspekt]","khía cạnh; bộ phận hoặc nét riêng biệt của cái gì đang được xem xét; mặt",""
"vital","[ˈvaɪtl]","( vital to  / for something ) sống còn, quan trọng (cần thiết cho sự tồn tại, sự thành  ...",""
"drawback","[ˈdrɔːbæk]","điều trở ngại, mặt hạn chế, mặt không thuận lợi",""
"consistency","[kənˈsɪstənsi]","(như) consistence","Tính nhất quán"
"maintenance","[ˈmeɪntənəns]","sự giữ gìn; sự duy trì",""
"behalf","[bɪˈhɑːf]","vơi tư cách là đại diện hoặc người phát ngôn của ai; vì lợi ích của ai; nhân danh",""
"consist","[kənˈsɪst]","( + of ) gồm có",""
"indicate","[ˈɪndɪkeɪt]","chỉ, cho biết, ra dấu",""
"convention","[kənˈvenʃn]","hội nghị, sự triệu tập",""
"implicit","[ɪmˈplɪsɪt]","ngấm, ngấm ngầm; ẩn tàng",""
"explicit","[ɪkˈsplɪsɪt]","rõ ràng, dứt khoát",""
"assembly","[əˈsembli]","(kỹ thuật) hành động hoặc quá trình lắp ráp các bộ phận của cái gì",""
"flex","[fleks]","làm cong, uốn cong",""
"flexible","[ˈfleksəbl]","linh động, linh hoạt",""
"process","[ˈprəʊ.ses]","quá trình; quy trình",""
"leverage","[ˈliːvərɪdʒ]","tác dụng của đòn bẩy; lực của đòn bẩy","(v) tận dụng"
"release","[rɪˈliːs]","tha, thả, phóng thích",""
"perform","[pəˈfɔːm]","thực hiện; thi hành; cử hành (nghi lễ...)",""
"proper","[ˈprɒpə(r)]","thích hợp; đúng; thích đáng",""
"certificate","[səˈtɪfɪkət]","giấy chứng nhận; chứng chỉ; văn bằng",""
"bridge","[brɪdʒ]","cái cầu",""
"remote","[rɪˈməʊt]","ở xa cộng đồng nhà cửa, biệt lập; xa xôi; hẻo lánh",""
"manual","[ˈmænjuəl]","(thuộc) tay; làm bằng tay hoặc điều khiển bằng tay; thủ công",""
"assignee","[əˌsaɪˈniː]","người được uỷ nhiệm, người được uỷ quyền, người thụ quyền, người thụ nhượng",""
"consent","[kənˈsent]","sự ưng thuận; sự đồng ý; sự cho phép",""
"maintain","[meɪnˈteɪn]","duy trì; giữ cho cái gì khỏi gián đoạn; giữ cho cái gì khỏi thay đổi",""
"scope","[skəʊp]","phạm vi, tầm (kiến thức)",""
"force","[fɔːs]","lực; sức; sức mạnh",""
"dispatch","[dɪˈspætʃ]","sự gửi đi (thư, thông điệp...); sự phái đi",""
"fetch","[fetʃ]","tìm về, đem về",""
"mutation","[mjuːˈteɪʃn]","sự thay đổi, sự biến đổi",""
"mutate","[mjuːˈteɪt]","làm cho... thay đổi/biến đổi",""
"commit","[kəˈmɪt]","( to commit somebody  / oneself to something  / doing something ) làm cho ai/bản thân k ...",""
"reusable","[ˌriːˈjuːzəbl]","có thể dùng lại được",""
"estimate","[ˈestɪmeɪt]","đánh giá; ước lượng",""
"appropriate","[əˈprəʊpriət]","( appropriate to  / for something ) thích hợp; thích đáng",""
"unreachable","[ˌʌn.ˈriː.tʃ.ə.bəl]","không thể đến, không thể tới",""
"expect","[ɪkˈspekt]","mong chờ; trông mong; trông đợi",""
"instance","[ˈɪnstəns]","thí dụ, ví dụ",""
"render","[ˈrendə(r)]","biểu hiện, diễn tả",""
"inside","[ˌɪnˈsaɪd]","mặt trong, phía trong, phần trong, bên trong",""
"focus","[ˈfəʊkəs]","tập trung",""
"compose","[kəmˈpəʊz]","sáng tác; soạn (bản nhạc, bài văn, bài thơ....)",""
"define","[dɪˈfaɪn]","định rõ, vạch rõ (hình dạng, ranh giới...)",""
"discuss","[dɪˈskʌs]","( to discuss something with somebody ) thảo luận; bàn cãi; tranh luận",""
"agent","[ˈeɪdʒənt]","đại lý; người hoạt động cho một doanh nghiệp hoặc quản lý công việc của người khác tron ...",""
"annotate","[ˈænəteɪt]","chú giải, chú thích",""
"advice","[ədˈvaɪs]","lời khuyên, lời chỉ bảo",""
"domain","[dəˈmeɪn]","lĩnh vực; phạm vi",""
"intent","[ɪnˈtent]","ý định, mục đích",""
"intend","[ɪnˈtend]","định; có ý định; có ý muốn; dự định",""
"sample","[ˈsɑːmpl]","mẫu; vật mẫu, hàng mẫu",""
"pattern","[ˈpætn]","( + after ,  upon ) lấy làm kiểu mẫu",""
"streamer","[ˈstriːmə(r)]","cờ đuôi nheo, cờ dải (dài, hẹp)",""
"stream","[striːm]","dòng suối",""
"complacence","","cảm giác thoả mãn với chính mình hoặc với công việc của mình; tính tự mãn",""
"credit","[ˈkredɪt]","sự cho phép hoãn việc trả tiền hàng hoá và dịch vụ; sự cho nợ; sự cho chịu, tín dụng",""
"approach","[əˈprəʊtʃ]","đến gần, lại gần, tới gần",""
"sequence","[ˈsiːkwəns]","(toán học) dãy",""
"platform","[ˈplætfɔːm]","nền, bục, bệ",""
"malicious","[məˈlɪʃəs]","hiểm độc, có ác tâm",""
"deduce","[dɪˈdjuːs]","suy ra, luận ra, suy luận, suy diễn",""
"exhibition","[ˌeksɪˈbɪʃn]","sự phô bày, sự trưng bày, cuộc triển lãm",""
"wage","[weɪdʒ]","tiền lương, tiền công",""
"aware of","","nhận ra, có ý thức về",""
"standard","[ˈstændəd]","chuẩn; tiêu chuẩn",""
"coverage","[ˈkʌvərɪdʒ]","việc đưa tin về những sự kiện; tin tức được đưa ra",""
"suppose","[səˈpəʊz]","cho là; tin rằng; nghĩ rằng",""
"competitive","[kəmˈpetətɪv]","cạnh tranh, đua tranh",""
"compete","[kəmˈpiːt]","( to compete against  / with somebody in  / for something ) đua tranh, ganh đua, cạnh t ...",""
"brave","[breɪv]","bất chấp, không sợ, xem khinh; đương đầu với",""
"development","[dɪˈveləpmənt]","sự phát triển, sự mở mang, sự mở rộng, sự khuếch trương, sự phát đạt",""
"individual","[ˌɪndɪˈvɪdʒuəl]","(nhất là với each ) một mình, riêng lẻ, cá thể",""
"establish","[ɪˈstæblɪʃ]","lập, thành lập, thiết lập, kiến lập",""
"censor","[ˈsensə(r)]","kiểm duyệt",""
"defect","[ˈdiːfekt]","nhược điểm; khuyết điểm",""
"weakness","[ˈwiːknəs]","tình trạng yếu đuối, tình trạng yếu ớt, tình trạng yếu kém",""
"interact","[ˌɪntərˈækt]","ảnh hưởng lẫn nhau, tác động với nhau, tương tác",""
"amount","[əˈmaʊnt]","lượng, số lượng",""
"hire","[ˈhaɪə(r)]","sự thuê; sự cho thuê",""
"recommend","[ˌrekəˈmend]","đề nghị; khuyên bảo; dặn",""
"attitude","[ˈætɪtjuːd]","thái độ, quan điểm",""
"achieve","[əˈtʃiːv]","đạt được, giành được (do nỗ lực, khéo léo, dũng cảm...)",""
"debate","[dɪˈbeɪt]","tranh luận, tranh cãi, bàn cãi (một vấn đề...)",""
"situation","[ˌsɪtʃuˈeɪʃn]","vị trí, địa thế",""
"regret","[rɪˈɡret]","hối tiếc; thương tiếc",""
"consider","[kənˈsɪdə(r)]","( to consider somebody  / something for  / as something ) nghĩ về ai/cái gì (nhất là để ...",""
"conversation","[ˌkɒnvəˈseɪʃn]","( conversation with somebody about something ) cuộc nói chuyện, cuộc chuyện trò, cuộc đ ...",""
"comfort","[ˈkʌmfət]","sự an ủi; người an ủi; nguồn an ủi",""
"reveal","[rɪˈviːl]","bộc lộ, biểu lộ; tiết lộ, để lộ ra (điều bí mật)",""
"provide","[prəˈvaɪd]","( to provide somebody with something ; to provide something for somebody ) cung cấp; cu ...",""
"censorship","[ˈsensəʃɪp]","cơ quan kiểm duyệt",""
"department","[dɪˈpɑːtmənt]","(viết tắt) là Dept  một trong những bộ phận của một chính phủ, doanh nghiệp, cửa hàng,  ...",""
"option","[ˈɒpʃn]","sự chọn lựa, quyền lựa chọn",""
"trumpet","[ˈtrʌmpɪt]","(âm nhạc) kèn trôm-pét",""
"illness","[ˈɪlnəs]","căn bệnh; chứng bệnh; thời kỳ đau ốm",""
"serious","[ˈsɪəriəs]","đứng đắn, nghiêm trang, nghiêm nghị",""
"experience","[ɪkˈspɪəriəns]","kinh nghiệm",""
"fitness","[ˈfɪtnəs]","sự thích hợp, sự phù hợp, sự vừa vặn; sự xứng dáng",""
"weight","[weɪt]","(viết tắt) wt  trọng lượng, sức nặng",""
"facility","[fəˈsɪləti]","khả năng học hoặc làm việc gì một cách dễ dàng",""
"outdoor","[ˈaʊtdɔː(r)]","ngoài trời; thuộc, dùng ở, làm hoặc tồn tại ngoài trời (bên ngoài một toà nhà); ở ngoài",""
"indoor","[ˈɪndɔː(r)]","trong nhà",""
"physical activities","","hoạt động thể chất",""
"regard","[rɪˈɡɑːd]","( to regard somebody  / something with  / as something ) coi như, xem như, đánh giá",""
"aim","[eɪm]","mục đích, mục tiêu, ý định",""
"issue","[ˈɪʃuː]","vấn đề (đang tranh cãi, đang kiện cáo...); vấn đề chín muồi (có thể quyết định)",""
"aware","[əˈweə(r)]","có kiến thức hoặc nhận thức về ai/cái gì",""
"recent","[ˈriːsnt]","gần đây; (đã tồn tại, xảy ra, bắt đầu, đã thực hiện...) cách đây hoặc trước đây không l ...",""
"convenience","[kənˈviːniəns]","( conveniences ) tiện nghi",""
"joyful","[ˈdʒɔɪfl]","vui mừng, hân hoan, vui sướng",""
"pleasant","[ˈpleznt]","làm thích ý, vừa ý, dễ chịu; dịu dàng, thân mật",""
"patient","[ˈpeɪʃnt]","bệnh nhân; người bệnh",""
"patience","[ˈpeɪʃns]","tính kiên nhẫn, tính nhẫn nại; sự bền chí, sự nhẫn nại, kiên trì",""
"mental","[ˈmentl]","(thuộc) tâm thần, (thuộc) tinh thần",""
"inclinable","","có khuynh hướng, thiên về",""
"reduce","[rɪˈdjuːs]","giảm, giảm bớt, hạ",""
"knowledge","[ˈnɒlɪdʒ]","kiến thức; sự giỏi về một lĩnh vực nào đó",""
"expand","[ɪkˈspænd]","mở rộng, trải ra",""
"humble","[ˈhʌmbl]","khiêm tốn, nhún nhường",""
